<TLOGConf>
	<PriorityHigh>NULL</PriorityHigh>
	<PriorityLow>UNKNOWN</PriorityLow>
	<DelayInit>0</DelayInit>
	<SuppressError>0</SuppressError>
	<Count>5</Count>
	<CategoryList type="TLOGCategory">
		<Name>PlayerRegister</Name>
		<PriorityHigh>NULL</PriorityHigh>
		<PriorityLow>UNKNOWN</PriorityLow>
		<LevelDispatch>0</LevelDispatch>
		<MustSucc>0</MustSucc>
		<Format>%m%n</Format>
		<ForwardCat></ForwardCat>
		<Device type="TLOGDevAny">
			<Type>FILE</Type>
			<Device type="TLOGDevSelector">
				<File type="TLOGDevFile">
					<Pattern>./logs/1/%Y%m%d/PlayerRegister_%Y%m%d000000.log</Pattern>
					<BuffSize> 0 </BuffSize>
					<SizeLimit> 104857600 </SizeLimit>
					<Precision> 1 </Precision>
					<MaxRotate> 20 </MaxRotate>
					<SyncTime> 0 </SyncTime>
					<NoFindLatest> 0 </NoFindLatest>
					<RotateStick>0 </RotateStick>
				</File>
			</Device>
		</Device>
	</CategoryList>
	<CategoryList type="TLOGCategory">
		<Name>PlayerLogin</Name>
		<PriorityHigh>NULL</PriorityHigh>
		<PriorityLow>UNKNOWN</PriorityLow>
		<LevelDispatch>0</LevelDispatch>
		<MustSucc>0</MustSucc>
		<Format>%m%n</Format>
		<ForwardCat></ForwardCat>
		<Device type="TLOGDevAny">
			<Type>FILE</Type>
			<Device type="TLOGDevSelector">
				<File type="TLOGDevFile">
					<Pattern>./logs/1/%Y%m%d/PlayerLogin_%Y%m%d000000.log</Pattern>
					<BuffSize> 0 </BuffSize>
					<SizeLimit> 104857600 </SizeLimit>
					<Precision> 1 </Precision>
					<MaxRotate> 20 </MaxRotate>
					<SyncTime> 0 </SyncTime>
					<NoFindLatest> 0 </NoFindLatest>
					<RotateStick>0 </RotateStick>
				</File>
			</Device>
		</Device>
	</CategoryList>
	<CategoryList type="TLOGCategory">
		<Name>MoneyFlow</Name>
		<PriorityHigh>NULL</PriorityHigh>
		<PriorityLow>UNKNOWN</PriorityLow>
		<LevelDispatch>0</LevelDispatch>
		<MustSucc>0</MustSucc>
		<Format>%m%n</Format>
		<ForwardCat></ForwardCat>
		<Device type="TLOGDevAny">
			<Type>FILE</Type>
			<Device type="TLOGDevSelector">
				<File type="TLOGDevFile">
					<Pattern>./logs/1/%Y%m%d/MoneyFlow_%Y%m%d000000.log</Pattern>
					<BuffSize> 0 </BuffSize>
					<SizeLimit> 104857600 </SizeLimit>
					<Precision> 1 </Precision>
					<MaxRotate> 20 </MaxRotate>
					<SyncTime> 0 </SyncTime>
					<NoFindLatest> 0 </NoFindLatest>
					<RotateStick>0 </RotateStick>
				</File>
			</Device>
		</Device>
	</CategoryList>

	<CategoryList type="TLOGCategory">
		<Name>Common</Name>
		<PriorityHigh>NULL</PriorityHigh>
		<PriorityLow>UNKNOWN</PriorityLow>
		<LevelDispatch>0</LevelDispatch>
		<MustSucc>0</MustSucc>
		<Format>%m%n</Format>
		<ForwardCat></ForwardCat>
		<Device type="TLOGDevAny">
			<Type>FILE</Type>
			<Device type="TLOGDevSelector">
				<File type="TLOGDevFile">
					<Pattern>./logs/1/%Y%m%d/Common_%Y%m%d000000.log</Pattern>
					<BuffSize> 0 </BuffSize>
					<SizeLimit> 104857600 </SizeLimit>
					<Precision> 1 </Precision>
					<MaxRotate> 20 </MaxRotate>
					<SyncTime> 0 </SyncTime>
					<NoFindLatest> 0 </NoFindLatest>
					<RotateStick>0 </RotateStick>
				</File>
			</Device>
		</Device>
	</CategoryList>
	<CategoryList type="TLOGCategory">
		<Name>GuildUser</Name>
		<PriorityHigh>NULL</PriorityHigh>
		<PriorityLow>UNKNOWN</PriorityLow>
		<LevelDispatch>0</LevelDispatch>
		<MustSucc>0</MustSucc>
		<Format>%m%n</Format>
		<ForwardCat></ForwardCat>
		<Device type="TLOGDevAny">
			<Type>FILE</Type>
			<Device type="TLOGDevSelector">
				<File type="TLOGDevFile">
					<Pattern>./logs/1/%Y%m%d/GuildUser_%Y%m%d000000.log</Pattern>
					<BuffSize> 0 </BuffSize>
					<SizeLimit> 104857600 </SizeLimit>
					<Precision> 1 </Precision>
					<MaxRotate> 20 </MaxRotate>
					<SyncTime> 0 </SyncTime>
					<NoFindLatest> 0 </NoFindLatest>
					<RotateStick>0 </RotateStick>
				</File>
			</Device>
		</Device>
	</CategoryList>
</TLOGConf>
