{
    "Server":{
        "ServicePort":9393,
        "MaxClients":10
    },
    "Http":{
        "ServicePort":8081,
        "ValidHost":[
        ]
    },
    "GM":{
        "WorkerNum":1,
        "Key":"yinwuweiye",
        "GMLogDB":{
            "Hostname":"10.147.5.214",
            "Hostport":3306,
            "Username":"admin",
            "Password":"CmGamge2014QET",
            "Database":"gmdb"
        },
		"GameDB":{
			"Database":[
				{
				"Hostname":"10.147.6.128",
				"Hostport":3306,
				"Username":"admin",
				"Password":"CmGamge2014QET",
				"Database":"GameSL50001",
				"ServerID":[50001]
				}
			],
			"Log_Normal":[
				{
				"Hostname":"10.147.2.161",
				"Hostport":3306,
				"Username":"admin",
				"Password":"CmGamge2014QET",
				"Database":"GameSL50001",
				"ServerID":[50001]
				}
			]
		}
    }
}