{
    "ServerConfig":
    {
        "Database":
        {
            "Hostname":"172.18.7.59",
            "Hostport":3316,
            "Username":"root",
            "Password":"lny15GDrnCXaY",
            "Database":"pay"
        },
        "Http":
        {
            "Hostport":8080,
            "GenOrderSerialUrl":"/GenOrderSerial"
        },
        "MaxClients":10,
        "ServicePort":9191
    },
    "Handlers":
    {
        "PT_YWWY":
        {
            "WorkerNum":1,
            "VerifyUrl":"",
            "VerifyUrl_Debug":"",
            "Callback":"/YWWY",
            "Debug":false,
            "OrderSerialFunction":"createOrderSerial",
            "AppKey":"asdfsadfawetew123421",
            "AppID":"10000001",
            "Products":[
                {
                    "ProductID":"sl_tw_60",
                    "Price":6000,
                    "GoldMoney":60
                },
                {
                    "ProductID":"sl_tw_315",
                    "Price":30000,
                    "GoldMoney":315
                },
                {
                    "ProductID":"sl_tw_530",
                    "Price":49000,
                    "GoldMoney":530
                },
                {
                    "ProductID":"sl_tw_1145",
                    "Price":102000,
                    "GoldMoney":1145
                },
                {
                    "ProductID":"sl_tw_2405",
                    "Price":209000,
                    "GoldMoney":2405
                },
                {
                    "ProductID":"sl_tw_3530",
                    "Price":299000,
                    "GoldMoney":3530
                },
                {
                    "ProductID":"sl_tw_yk_300",
                    "Price":30000,
                    "GoldMoney":300
                },
                {
                    "ProductID":"sl_tw_zsk_2090",
                    "Price":209000,
                    "GoldMoney":2090
                },
                {
                    "ProductID":"sl_tw_520",
                    "Price":52000,
                    "GoldMoney":520
                }
            ]
        },
        "PT_AppStore":
        {
            "WorkerNum":1,
            "VerifyUrl":"",
            "VerifyUrl_Debug":"",
            "Callback":"/AppStore",
            "Debug":false,
            "OrderSerialFunction":"createOrderSerial",
            "AppKey":"asdfsadfawetew123421",
            "AppID":"10000001",
            "Products":[
                {
                    "ProductID":"sl_tw_60",
                    "Price":6000,
                    "GoldMoney":60
                },
                {
                    "ProductID":"sl_tw_315",
                    "Price":30000,
                    "GoldMoney":315
                },
                {
                    "ProductID":"sl_tw_530",
                    "Price":49000,
                    "GoldMoney":530
                },
                {
                    "ProductID":"sl_tw_1145",
                    "Price":102000,
                    "GoldMoney":1145
                },
                {
                    "ProductID":"sl_tw_2405",
                    "Price":209000,
                    "GoldMoney":2405
                },
                {
                    "ProductID":"sl_tw_3530",
                    "Price":299000,
                    "GoldMoney":3530
                },
                {
                    "ProductID":"sl_tw_yk_300",
                    "Price":30000,
                    "GoldMoney":300
                },
                {
                    "ProductID":"sl_tw_zsk_2090",
                    "Price":209000,
                    "GoldMoney":2090
                },
                {
                    "ProductID":"sl_tw_520",
                    "Price":52000,
                    "GoldMoney":520
                }
            ]
        },
        "PT_KingNet":
        {
            "WorkerNum":1,
            "VerifyUrl":"",
            "VerifyUrl_Debug":"",
            "Callback":"/kingnet",
            "Debug":false,
            "OrderSerialFunction":"createOrderSerial",
            "PublicKey":"kingnetpay.kingnet.com",
            "PrivateKey":"1245028",
            "Products":[
                {
                    "ProductID":"sl_tw_60",
                    "Price":6000,
                    "GoldMoney":60
                },
                {
                    "ProductID":"sl_tw_315",
                    "Price":30000,
                    "GoldMoney":315
                },
                {
                    "ProductID":"sl_tw_530",
                    "Price":49000,
                    "GoldMoney":530
                },
                {
                    "ProductID":"sl_tw_1145",
                    "Price":102000,
                    "GoldMoney":1145
                },
                {
                    "ProductID":"sl_tw_2405",
                    "Price":209000,
                    "GoldMoney":2405
                },
                {
                    "ProductID":"sl_tw_3530",
                    "Price":299000,
                    "GoldMoney":3530
                },
                {
                    "ProductID":"sl_tw_yk_300",
                    "Price":30000,
                    "GoldMoney":300
                },
                {
                    "ProductID":"sl_tw_zsk_2090",
                    "Price":209000,
                    "GoldMoney":2090
                },
                {
                    "ProductID":"sl_tw_520",
                    "Price":52000,
                    "GoldMoney":520
                }
            ]
        }
    }
}
